Manufacturer,Model,Category,Power,Width,Height,Depth,Notes,
ACInfinity,Cloudplate 3.5,Fans,50W,19,3.5,1.7,Intelligent Cooling Rack,
ACInfinity,Cloudplate T7,Fans,40W,19,1.7,13.5,Intelligent Rack Fan,
ADJ,D4 Branch RM,Splitter,100-240V,19,1.7,5.5,4-Way DMX Splitter,
ADJ,D6 Branch,Splitter,100-240V,19,1.7,5.5,6-Way DMX Splitter,
ADnet,AN-UM-GMC-AS-20,Media Conv,5VDC,3.7,1,2.8,Gigabit Ethernet Fiber,
ADnet,AN-UM-GMC-AS-20-4,Media Conv,5VDC,3.7,1,2.8,Gigabit 4-Port Fiber,
ADnet,AN-UM-SMC-AS-J,Media Conv,5VDC,3.7,1,2.8,Single-mode Dual Fiber,
AJA,BRIDGE LIVE,Gateway,100-240V,19,1.75,24,Live Video Transcode,
AJA,BRIDGE NDI 3G,Gateway,100-240V,19,1.75,15,SDI/NDI Gateway,
AJA,FiDO-2R,Converter,5-20VDC,4.6,0.9,2.4,2-Ch Single-mode Fiber to SDI,
AJA,FiDO-2T,Converter,5-20VDC,4.6,0.9,2.4,2-Ch SDI to Single-mode Fiber,
AJA,FiDO-4R,Converter,5-20VDC,4.6,0.9,2.4,4-Ch Single-mode Fiber to SDI,
AJA,FiDO-4T,Converter,5-20VDC,4.6,0.9,2.4,4-Ch SDI to Single-mode Fiber,
AJA,FiDO-R,Converter,5-20VDC,4.6,0.9,2.4,1-Ch Single-mode Fiber to SDI,
AJA,FiDO-R-SC,Converter,5-20VDC,4.6,0.9,2.4,1-Ch SC Fiber to SDI,
AJA,FiDO-R-ST,Converter,5-20VDC,4.6,0.9,2.4,1-Ch ST Fiber to SDI,
AJA,FiDO-T,Converter,5-20VDC,4.6,0.9,2.4,1-Ch SDI to Single-mode Fiber,
AJA,FiDO-T-SC,Converter,5-20VDC,4.6,0.9,2.4,1-Ch SDI to SC Fiber,
AJA,FiDO-T-ST,Converter,5-20VDC,4.6,0.9,2.4,1-Ch SDI to ST Fiber,
AJA,FiDO-TR,Converter,5-20VDC,4.6,0.9,2.4,SDI/Fiber Transceiver,
AJA,FS1,Sync,100-240V,19,1.75,12,Universal HD/SD Frame Sync,
AJA,FS1-X,Sync,100-240V,19,1.75,12,Frame Sync w/ MADI,
AJA,FS2,Sync,100-240V,19,1.75,12,Dual-Channel Frame Sync,
AJA,FS4,Sync,100-240V,19,1.75,12,4-Channel 2K/HD Sync,
AJA,FS-HDR,HDR Conv,100-240V,19,1.75,12,Real-time HDR/WCG,
AJA,HA5,Converter,5-20VDC,4.6,0.9,2.4,HDMI to SD/HD-SDI,
AJA,HA5-12G,Converter,5-20VDC,4.6,0.9,2.4,HDMI 2.0 to 12G-SDI,
AJA,HA5-4K,Converter,5-20VDC,4.6,0.9,2.4,HDMI 2.0 to 4K SDI,
AJA,HA5-Plus,Converter,5-20VDC,4.6,0.9,2.4,HDMI to SDI w/ Audio,
AJA,Hi5,Converter,5-20VDC,4.6,0.9,2.4,SD/HD-SDI to HDMI,
AJA,Hi5-12G,Converter,5-20VDC,4.6,0.9,2.4,12G-SDI to HDMI 2.0,
AJA,Hi5-4K-Plus,Converter,5-20VDC,4.6,0.9,2.4,3G-SDI to HDMI 2.0,
AJA,Hi5-Plus,Converter,5-20VDC,4.6,0.9,2.4,SDI to HDMI w/ Audio,
AJA,Io 4K Plus,Video I/O,12VDC,8.7,3.2,7.1,Thunderbolt 3 4K,
AJA,Io X3,Video I/O,12VDC,8.7,3.2,7.1,Thunderbolt 3 I/O,
AJA,Ki Pro GO,Recorder,12VDC,8.6,3.3,9.3,Multi-Ch H.264 Rec,
AJA,Ki Pro Ultra 12G,Recorder,12-18VDC,8.6,3.3,9.3,4K/Multi-Ch HD Rec,
AJA,KUMO 1604,Router,12VDC,19,1.75,1.5,16x4 SDI Router,
AJA,KUMO 1616,Router,12VDC,19,1.75,1.5,16x16 SDI Router,
AJA,KUMO 1616-12G,Router,12VDC,19,1.75,1.5,16x16 12G-SDI Router,
AJA,KUMO 3232,Router,12VDC,19,3.5,1.5,32x32 SDI Router,
AJA,KUMO 3232-12G,Router,12VDC,19,3.5,1.5,32x32 12G-SDI Router,
AJA,KUMO 6464,Router,12VDC,19,7,1.5,64x64 SDI Router,
AJA,KUMO 6464-12G,Router,12VDC,19,7,1.5,64x64 12G-SDI Router,
AJA,OG-12G-AM,openGear,Card,N/A,N/A,N/A,12G-SDI Audio Embed/Disembed,
AJA,OG-DANTE-12GAM,openGear,Card,N/A,N/A,N/A,12G-SDI to Dante Bridge,
AJA,OG-FiDO-2R-12G,openGear,Card,N/A,N/A,N/A,2-Ch Fiber to 12G-SDI,
AJA,OG-FiDO-2T-12G,openGear,Card,N/A,N/A,N/A,2-Ch 12G-SDI to Fiber,
AJA,OG-FiDO-R-12G,openGear,Card,N/A,N/A,N/A,1-Ch Fiber to 12G-SDI,
AJA,OG-FiDO-T-12G,openGear,Card,N/A,N/A,N/A,1-Ch 12G-SDI to Fiber,
AJA,OG-HA5-4K,openGear,Card,N/A,N/A,N/A,HDMI 2.0 to 4K SDI,
AJA,OG-Hi5-4K-Plus,openGear,Card,N/A,N/A,N/A,3G-SDI to HDMI 2.0,
AJA,OG-X-FR,openGear,100-240V,19,3.5,15.7,2RU openGear Frame,
AJA,T-TAP,I/O,Thunderbolt,2.3,0.7,3,Thunderbolt to SDI/HDMI,
AJA,T-TAP Pro,I/O,Thunderbolt,5,1,3,Thunderbolt 3 to 12G-SDI,
AJA,U-TAP HDMI,Capture,USB,3.3,0.5,2.4,USB 3.0 HDMI Capture,
AJA,U-TAP SDI,Capture,USB,3.3,0.5,2.4,USB 3.0 SDI Capture,
Allen&Heath,AH-AB168,Expander,40W,16.2,7.4,7.5,GLD/Qu Stagebox 16x8,
Allen&Heath,AH-AR2412,Expander,40W,19,5.2,8,GLD/Qu AudioRack 24x12,
Allen&Heath,AH-AR84,Expander,25W,19,1.75,8,GLD/Qu AudioRack 8x4,
Allen&Heath,AH-DT168,Expander,40W,16.1,7.4,7.5,16x8 Dante Expander,
Allen&Heath,AH-DX164-W,Expander,40W,8.3,8.3,4.1,16x4 Wall Mount Expander,
Allen&Heath,AH-DX168,Expander,40W,16.1,7.4,7.5,16x8 DX Expander,
Allen&Heath,AH-DX32,Expander,40W,19,7,8,Remote I/O Expander 32x0,
Allen&Heath,AH-GX4816,Expander,80W,19,8.7,10.1,48x16 GX Expander,
Allen&Heath,Avantis,Mixer,150W,36.1,10.6,24.7,24 Faders / Dual 15in,
Allen&Heath,Avantis Solo,Mixer,100W,21.3,10.6,24.7,12 Faders / Single 15in,
Allen&Heath,dLive C1500,Mixer,120W,19,12.8,26.2,12 Faders / Rackmount,
Allen&Heath,dLive C2500,Mixer,150W,24.8,12.8,26.2,20 Faders / Single Screen,
Allen&Heath,dLive C3500,Mixer,200W,33.5,12.8,26.2,24 Faders / Dual Screen,
Allen&Heath,dLive MixRack CDM32,DSP/Rack,200W,19,8.7,12.3,C-Class MixRack 32x16,
Allen&Heath,dLive MixRack CDM48,DSP/Rack,200W,19,10.5,12.3,C-Class MixRack 48x24,
Allen&Heath,dLive MixRack CDM64,DSP/Rack,200W,19,12.3,12.3,C-Class MixRack 64x32,
Allen&Heath,dLive MixRack DM0,DSP/Rack,300W,19,7,12.3,dLive DSP MixRack 0 I/O,
Allen&Heath,dLive MixRack DM32,DSP/Rack,300W,19,12.3,12.3,dLive MixRack 32x16,
Allen&Heath,dLive MixRack DM48,DSP/Rack,300W,19,14,12.3,dLive MixRack 48x24,
Allen&Heath,dLive MixRack DM64,DSP/Rack,300W,19,17.5,12.3,dLive MixRack 64x32,
Allen&Heath,dLive S3000,Mixer,200W,34.3,16.3,32,20 Faders / Single Screen,
Allen&Heath,dLive S5000,Mixer,250W,43.9,16.3,32,28 Faders / Dual Screen,
Allen&Heath,dLive S7000,Mixer,300W,52.2,16.3,32,36 Faders / Dual Screen,
Allen&Heath,M-DL-DANTE-128,Card,N/A,N/A,N/A,Dante 128x128 96kHz,,
Allen&Heath,M-DL-GIGAMACE,Card,N/A,N/A,N/A,dLive gigaACE Interface,,
Allen&Heath,M-DL-WAVES3,Card,N/A,N/A,N/A,dLive Waves V3 Interface,,
Allen&Heath,M-SQ-DANTE-32,Card,N/A,N/A,N/A,SQ Dante 32x32 Interface,,
Allen&Heath,M-SQ-SLink,Card,N/A,N/A,N/A,SQ SLink Interface Card,,
Allen&Heath,Qu-16,Mixer,82W,17.3,7.3,19.1,16+1 Fader Digital,
Allen&Heath,Qu-24,Mixer,120W,24.9,7.3,19.5,24+1 Fader Digital,
Allen&Heath,Qu-32,Mixer,150W,33.5,7.3,19.5,32+1 Fader Digital,
Allen&Heath,SQ-5,Mixer,75W,17.3,7.8,20.3,17 Faders / 48-Ch,
Allen&Heath,SQ-6,Mixer,90W,25.1,7.8,20.3,25 Faders / 48-Ch,
Allen&Heath,SQ-7,Mixer,90W,31.7,7.8,20.3,33 Faders / 48-Ch,
AMX,DGX-I-DXL-4K60,Enova Card,Card,N/A,N/A,N/A,4K60 Input Card,
AMX,DGX-I-HDMI-4K60,Enova Card,Card,N/A,N/A,N/A,HDMI 4K60 Input Card,
AMX,DGX-O-DXL-4K60,Enova Card,Card,N/A,N/A,N/A,4K60 Output Card,
AMX,DGX-O-HDMI-4K60,Enova Card,Card,N/A,N/A,N/A,HDMI 4K60 Output Card,
AMX,DGX800-ENC,Enova DGX,100-240V,19,3.5,20.1,8x8 Enova Digital Media Switcher,
AMX,DGX1600-ENC,Enova DGX,100-240V,19,6.9,20.1,16x16 Enova Digital Media Switcher,
AMX,DGX3200-ENC,Enova DGX,100-240V,19,10.4,20.1,32x32 Enova Digital Media Switcher,
AMX,DGX6400-ENC,Enova DGX,100-240V,19,17.4,20.1,64x64 Enova Digital Media Switcher,
AMX,DVX-2265-4K,Switcher,100-240V,19,3.5,14,6x2 4K60 Presentation Switcher,
AMX,DVX-3266-4K,Switcher,100-240V,19,3.5,14,8x4 4K60 Presentation Switcher,
AMX,NMX-DEC-N2422A,Video IP,PoE+,7.9,1,5,N2400 Series 4K60 Decoder,
AMX,NMX-ENC-N2412A,Video IP,PoE+,7.9,1,5,N2400 Series 4K60 Encoder,
AMX,NX-1200,Controller,100-240V,19,1.75,9.1,NetLinx NX Integrated Controller,
AMX,NX-2200,Controller,100-240V,19,1.75,9.1,NetLinx NX Integrated Controller,
AMX,NX-3200,Controller,100-240V,19,1.75,9.1,NetLinx NX Integrated Controller,
AMX,NX-4200,Controller,100-240V,19,1.75,9.1,NetLinx NX Integrated Controller,
AMX,PR-0808,Matrix,12VDC,17.3,1.7,11.8,Precis 8x8 HDMI Matrix Switcher,
AMX,VARIA-80,Touch Panel,PoE,8,5,1,"8"" Varia Professional Touch Panel",
AMX,VARIA-100,Touch Panel,PoE,9.7,6.5,1,"10"" Varia Professional Touch Panel",
AMX,VARIA-150,Touch Panel,PoE,14.8,9.5,1,"15"" Varia Professional Touch Panel",
Apantac,Mi-16,Multiviewer,15W,17,1.7,10,16x1 3G/HD/SD-SDI Multiviewer,
Apantac,Mi-16+,Multiviewer,20W,17,1.7,10,16x1 3G/HD/SD-SDI Multiviewer,
Apantac,Mi-16-UHD,Multiviewer,25W,17,1.7,10,16x1 4K/UHD Multiviewer,
APC,C1500,UPS,1500VA,17,3.5,18,Smart-UPS C 1500VA LCD 120V,
APC,SMT1500RM2U,UPS,1500VA,17,3.4,18.8,Smart-UPS 1500VA LCD RM 2U 120V,
APC,SMT2200RM2U,UPS,2200VA,19,3.4,25,Smart-UPS 2200VA LCD RM 2U 120V,
APC,SMT3000RM2U,UPS,3000VA,19,3.4,26.5,Smart-UPS 3000VA LCD RM 2U 120V,
Appear,Appear X10,Frame,400W,19,1.75,17.7,X-Platform 1RU Chassis,
Appear,Appear X20,Frame,600W,19,3.5,17.7,X-Platform 2RU Chassis,
APPLE,AppleTV 4K,Device,PoE/100-240V,3.7,1.2,3.7,AppleTV 4K Media Player,
APPLE,Mac Pro Rack,Desktop,1280W,19,8.7,21.2,Mac Pro Rack (2023),
APPLE,Mac Studio MAX,Desktop,370W,7.7,3.7,7.7,Mac Studio with M2 Max,
APPLE,Mac Studio ULTRA,Desktop,370W,7.7,3.7,7.7,Mac Studio with M2 Ultra,
APPLE,MacMini,Desktop,150W,7.7,1.4,7.7,Mac Mini M2,
Arista,DCS-7050SX3-48YC8,Network Switch,500W,19,1.75,16,48x 25G SFP & 8x 100G QSFP,
Arista,DCS-7280SR-48C6,Network Switch,500W,19,1.75,18,48x 10G SFP & 6x 100G QSFP,
Arista,FAN-7001-F,Accessory,N/A,N/A,N/A,Spare Fan for 7050 Series,,
Arri,Orbiter,Lighting,400W,14.7,11.2,23.9,Ultra-Bright LED Point Source,
Arri,SkyPanel S30-C,Lighting,200W,16.8,11.8,5.2,Compact LED Soft Light,
Arri,SkyPanel S60-C,Lighting,420W,32,25.5,5.2,Mid-Range LED Soft Light,
Arri,SkyPanel S120-C,Lighting,400W,51.1,11.8,5.2,Long-Form LED Soft Light,
Arri,SkyPanel S360-C,Lighting,1500W,62.2,36.4,7,High-Output LED Soft Light,
Arris,SB8200,Modem,30W,5.2,5,2.1,SURFboard DOCSIS 3.1 Cable Modem,
Arris,TG2472,Gateway,30W,9,8,2,Touchstone DOCSIS 3.0 Gateway,
Arris,TM1602,Modem,30W,8,7,2,Touchstone E-MTA Modem,
Aruba,AP-505,Access Point,16.5W,6.3,6.3,1.5,Aruba 500 Series Campus AP,
Aruba,AP-515,Access Point,25W,7.9,7.9,1.8,Aruba 510 Series Campus AP,
Aruba,AP-535,Access Point,26.4W,9.5,9.5,2.3,Aruba 530 Series Campus AP,
Aruba,AP-555,Access Point,30W,10.2,10.2,2.3,Aruba 550 Series Campus AP,
Aruba,AP-635,Access Point,24W,8.7,8.7,2,Aruba 630 Series Wi-Fi 6E AP,
Ashly,KLR-2000,Amplifier,1000W,19,3.5,16,High Efficiency Power Amp,
Ashly,KLR-3200,Amplifier,1600W,19,3.5,16,High Efficiency Power Amp,
Ashly,KLR-4000,Amplifier,2000W,19,3.5,16,High Efficiency Power Amp,
Ashly,KLR-5000,Amplifier,2500W,19,3.5,16,High Efficiency Power Amp,
Ashly,nX 8004,Amplifier,800W,19,3.5,15.5,4-Channel Network Power Amp,
Ashly,ne8250,Amplifier,250W,19,3.5,15.5,8-Channel Network Power Amp,
Atlona,AT-UHD-SW-510W,Switcher,100-240V,8.5,1.7,10,5x1 4K/UHD Multi-Format Switcher,
Atlona,AT-WAVE-101,Streaming,5VDC,2.7,0.9,4.7,Wireless Presentation System,
Attero Tech,unD6IO,Dante Interface,PoE,1.8,4.2,2.1,4x2 Wall Plate Dante Interface,
Attero Tech,unDAES-O,Dante Interface,PoE,1,4.2,2.1,AES3 Digital Audio to Dante,
AVMatrix,PVS0615,Switcher,12VDC,14,1.7,11,6-Ch Portable Video Switcher,
AVMatrix,VS0601,Switcher,12VDC,9.8,1.7,6.7,Mini 6-Ch SDI/HDMI Switcher,
AVPro Edge,AC-MX44-AUHD,Matrix,110-240V,17.3,1.7,10,4x4 4K60 4:4:4 HDMI Matrix,
AVPro Edge,AC-MX9X9-HDBT,Matrix,110-240V,17.3,3.5,13.5,9x9 HDBaseT/HDMI Matrix,
Barco,ClickShare C-10,Streaming,PoE/5VDC,5.3,1.3,5.3,Wireless Presentation Hub,
Barco,Event Master E2,Processor,100-240V,19,7,21,4K Full-Show Presentation Switcher,
Barco,Event Master S3-4K,Processor,100-240V,19,5.2,17,Compact Event Image Processor,
Behringer,S16,Digital Stagebox,45W,19,3.5,8.9,16 Input / 8 Output Digital Snake,
Behringer,S32,Digital Stagebox,70W,19,5.2,8.9,32 Input / 16 Output Digital Snake,
Behringer,WING,Digital Mixer,130W,34.3,7.9,22.9,48-Channel / 28-Bus Digital Console,
Behringer,X32,Digital Mixer,120W,35.4,7.9,20.8,32-Channel / 16-Bus Digital Console,
Behringer,X32 Compact,Digital Mixer,120W,24.6,8.5,20,Compact 32-Channel Console,
Behringer,X32 Producer,Digital Mixer,120W,19.3,6.4,19.9,Rackmountable 32-Channel Console,
Behringer,X32 Rack,Digital Mixer,120W,19,5.2,11.3,3U Rackmount Digital Mixer,
Biamp,TesiraFORTÉ DAN AI,DSP,100-240V,19,1.75,10.5,Fixed I/O DSP with Dante,
Biamp,TesiraFORTÉ DAN CI,DSP,100-240V,19,1.75,10.5,AEC Fixed I/O DSP with Dante,
Biamp,TesiraFORTÉ DAN VT,DSP,100-240V,19,1.75,10.5,VoIP/POTS DSP with Dante,
Biamp,TesiraFORTÉ DAN VT4,DSP,100-240V,19,1.75,10.5,Compact VoIP/POTS DSP,
Biamp,Tesira SERVER-IO,DSP,100-240V,19,5.25,17,Configurable I/O DSP Server,
BirdDog,Eyes P100,PTZ Camera,PoE/12VDC,5.7,6.3,6.3,1080p60 Full NDI PTZ,
BirdDog,Eyes P200,PTZ Camera,PoE+/12VDC,6.3,7,7.5,1080p60 Sony Sensor PTZ,
BirdDog,Eyes P400,PTZ Camera,PoE+/12VDC,7.1,8.5,7.1,4K NDI PTZ with 10-bit Color,
BirdDog,Eyes P4K,PTZ Camera,PoE++/12VDC,8.7,10.5,8.7,Full 4K NDI PTZ,
Blackmagic Design,ATEM Constellation 8K,Switcher,100-240V,19,3.5,15.6,4 M/E 8K Live Production Switcher,
Blackmagic Design,ATEM Mini Pro,Switcher,12VDC,9.4,1.4,4.1,4-Ch HDMI Live Stream Switcher,
Blackmagic Design,ATEM Television Studio Pro 4K,Switcher,100-240V,16.7,1.7,15.1,8-Ch UHD Switcher,
Blackmagic Design,HyperDeck Studio HD Mini,Recorder,100-240V,5.5,1.7,6.7,Compact 3G-SDI Recorder,
Blackmagic Design,Smart Videohub 12G 40x40,Router,100-240V,19,3.5,6.3,12G-SDI Zero Latency Router,
BLOCKS,Server,Media Server,100-240V,19,1.75,12,PIXILAB BLOCKS Linux Server,
Blonder_Tongue,FOC-108U-SA,Fiber Coupler,0,0,0,0,No comments,
Blonder_Tongue,OC-12D,Cable Combiner,0,0,0,0,No comments,
Bosch,CCSD-CU,Control Unit,0,0,0,0,Control Units,
Bosch,CCSD-CURD,Control Unit,0,0,0,0,Control Units,
Bosch,DCN-CCU2,Control Unit,0,0,0,0,Control unit,
Bosch,DCN-CCUB2,Control Unit,0,0,0,0,Basic control unit,
Bosch,DCN-DISD-D,Discussion Unit,0,0,0,0,Basic Discussion Unit. Black base,
Bosch,DCN-DISD-L,Discussion Unit,0,0,0,0,Basic Discussion Unit. White base,
Bosch,DCN-DISS-D,Discussion Unit,0,0,0,0,Discussion Unit with fixed Microphone. Device with short microphone black base,
Bosch,DCN-DISS-L,Discussion Unit,0,0,0,0,Discussion Unit with fixed Microphone. Device with short microphone white base,
Bosch,DCNM-APS,Audio Processor,0,0,0,0,Audio processor and powering switch,
Bosch,DCNM-APS2,Audio Processor,0,0,0,0,Audio processor and powering switch,
Bosch,DCNM-D,Discussion Device,0,0,0,0,Discussion device,
Bosch,DCNM-DSL,Discussion Device,0,0,0,0,Discussion device,
Bosch,INT-TX04,Transmitter,0,0,0,0,Transmitter for 4 languages.,
Bosch,INT-TX08,Transmitter,0,0,0,0,Transmitter for 8 languages.,
Bosch,INT-TX16,Transmitter,0,0,0,0,Transmitter for 16 languages.,
Bosch,INT-TX32,Transmitter,0,0,0,0,Transmitter for 32 languages.,
BRIGHTSIGN,HD1024,Media Player,0,0,0,0,Expanded I/O Player,
BRIGHTSIGN,HD224,Media Player,0,0,0,0,Standard I/O Player,
BRIGHTSIGN,TX1144,Media Player,0,0,0,0,No comments,
BRIGHTSIGN,TX244,Media Player,0,0,0,0,No comments,
BSS,BLU-100,Processor,0,0,0,0,12x8 Signal Processor with Digital Audio Bus.,
BSS,BLU-326,Processor,0,0,0,0,Configurable I/O Dante audio and digital audio bus,
BSS,BLU-806,Processor,0,0,0,0,Configurable I/O and signal processing with Dante,
BSS,DCP-555,Processor,0,0,0,0,Template-Based Conferencing Processor with VoIP,
Cable,Cable Box,Device,0,0,0,0,No comments,
Cedar,DNS 8D,Processor,100-240V,19,1.75,8,8-Ch dialogue noise suppressor with Dante,
Chauvet,Maverick MK3 Wash,Lighting,100-240V,18.1,21,11.5,High-output RGBW LED wash fixture,
Chauvet,Maverick Silens 2 Profile,Lighting,100-240V,17,28,11,Fanless 100% silent LED profile,
Chauvet,Ovation E-260WW,Lighting,100-240V,10,10,19,Warm white LED ellipsoidal,
Chauvet,Rogue R2X Wash,Lighting,100-240V,8.5,14.1,6.3,Compact LED wash with zoom,
Ciena,6500 Packet-Optical,Network,Varies,17.4,10.5,11,High-capacity optical transport platform,
Cineo,Maverick,Lighting,120-240V,9.4,7.3,3,Portable mid-size LED soft light,
Cineo,Quantum II,Lighting,100-240V,24,24,6,Large-format soft light panel,
Cineo,Standard 410,Lighting,100-240V,24,12,5,High-power 2x1 LED soft light,
Cisco,Catalyst 9300-24T,Network Switch,350W,17.5,1.73,17.5,24-port data-only switch,
Cisco,Catalyst 9300-48P,Network Switch,715W,17.5,1.73,17.5,48-port PoE+ switch,
Cisco,Nexus 93180YC-FX,Network Switch,500W,17.3,1.74,22.5,48x 10/25G SFP+ & 6x 40/100G QSFP28,
Cisco,SG350-28P,Network Switch,195W,17.3,1.75,10.1,28-port Gigabit Managed PoE Switch,
ClearCom,FreeSpeak II Base II,Intercom,100-240V,19,1.75,12,Base station for 25 FSII beltpacks,
ClearCom,FreeSpeak II Beltpack,Intercom,Battery/USB,Varies,Varies,Varies,5-Channel digital wireless beltpack,
ClearCom,HelixNet HMS-4X,Intercom,100-240V,19,1.75,12,4-Channel digital main station,
ClearCom,LQ-2W2,Interface,PoE/12VDC,6.8,1.7,7.1,2-Port 2-wire to IP interface,
ClearCom,LQ-4W2,Interface,PoE/12VDC,6.8,1.7,7.1,2-Port 4-wire to IP interface,
CloudMicrophones,Cloudlifter CL-1,Mic Activator,Phantom,4.5,1.9,2,1-Ch Mic Activator (+25dB),
CloudMicrophones,Cloudlifter CL-2,Mic Activator,Phantom,4.5,1.9,3.7,2-Ch Mic Activator (+25dB),
CloudMicrophones,Cloudlifter CL-4,Mic Activator,Phantom,19,1.75,5,4-Ch Rackmount Mic Activator,
Cobalt,9902-UDX,Converter,12VDC,Card,Card,Card,3G/HD/SD-SDI Up/Down/Cross Converter,
Cobalt,9904-UDX-4K,Converter,12VDC,Card,Card,Card,12G/6G/3G/HD/SD-SDI Up/Down/Cross Converter,
Cobalt,9922-2FS,Converter,12VDC,Card,Card,Card,3G/HD/SD-SDI Dual Frame Sync,
Cobalt,HPF-9000,openGear,100-240V,19,3.5,15.7,High-Power 20-Slot openGear Frame,
ContemporaryResearch,232-ATSC 4,Tuner,100-240V,8.5,1.75,8.5,HDTV Tuner with IP/RS-232 Control,
ContemporaryResearch,232-ATSC+1,Tuner,100-240V,8.5,1.75,8.5,HDTV Tuner with Analog/Digital Outputs,
Control4,CA-10 Controller,Automation,100-240V,17.3,3.5,10.1,Performance Primary Controller,
Control4,EA-3 Controller,Automation,100-240V,17.3,1.8,10.1,Entertainment and Automation Controller,
Control4,EA-5 Controller,Automation,100-240V,17.3,1.8,10.1,High-Performance Primary Controller,
Crestron,CP4N,Control Processor,100-240V,19,1.7,9.1,4-Series Control System with Dedicated Control Subnet,
Crestron,DM-MD16X16,Matrix,100-240V,19,12.2,14.6,16x16 DigitalMedia Switcher,
Crestron,DM-MD32X32,Matrix,100-240V,19,24.4,14.6,32x32 DigitalMedia Switcher,
Crestron,DM-NVX-350,Video over IP,PoE+,10,1,5,DigitalMedia NVX 4K60 4:4:4 Encoder/Decoder,
Crestron,DM-NVX-360,Video over IP,PoE+,10,1,5,DigitalMedia NVX 4K60 4:4:4 Encoder/Decoder with USB 2.0,
Crestron,TS-1070,Touch Screen,PoE,10,5.8,2.3,10.1 in. Tabletop Touch Screen,
Crestron,UC-ENGINE,Processor,100-240V,7.5,1.5,7.5,UC Engine for Crestron Flex,
CROWN,CDI 4000,Amplifier,100-240V,19,3.5,12.3,2-Channel 1200W Power Amplifier,
CROWN,DCI 4|600,Amplifier,100-240V,19,3.5,14.3,4-Channel 600W DriveCore Install Power Amp,
CROWN,DCI 8|600N,Amplifier,100-240V,19,3.5,14.3,8-Channel 600W DriveCore Install Amp with BLU link,
CROWN,IT-12000HD,Amplifier,100-240V,19,3.5,16.2,2-Channel 4500W I-Tech HD Power Amp,
CyberPower,OR1500LCDRT2U,UPS,1500VA,17.3,3.4,15.4,Smart App LCD UPS System,
CyberPower,PR1500LCDRT2U,UPS,1500VA,17.1,3.4,16.2,Smart App Sinewave UPS System,
CyberPower,PR3000LCDRT2U,UPS,3000VA,17.1,3.4,18.9,Smart App Sinewave UPS System,
d&b_Audiotechnik,10D,Amplifier,100-240V,19,3.5,13.2,4-Channel Installation Amplifier,
d&b_Audiotechnik,30D,Amplifier,100-240V,19,3.5,17.5,4-Channel Installation Amplifier,
d&b_Audiotechnik,D20,Amplifier,100-240V,19,3.5,17.5,4-Channel Mobile Amplifier,
d&b_Audiotechnik,D80,Amplifier,100-240V,19,3.5,18.7,4-Channel High Power Amplifier,
DataRemote,CDS-9010,Gateway,12VDC,7.5,1.5,5.5,POTS Replacement Cellular Gateway,
DataRemote,CDS-9090,Gateway,12VDC,8,1.8,6,High-Performance Cellular Router,
Datavideo,DAC-70,Converter,12VDC,N/A,N/A,N/A,Up/Down/Cross Converter (VGA/HDMI/SDI),
Datavideo,HDR-1,Recorder,12VDC,8.7,1.9,8.3,Standalone H.264 USB Recorder,
Datavideo,SE-650,Switcher,12VDC,13,3.3,11.3,4-Channel Digital Video Switcher,
dbx,286s,Processor,120VAC,19,1.75,5.8,Channel Strip Mic Preamp Processor,
dbx,DriveRack PA2,Processor,100-240V,19,1.75,5.8,Loudspeaker Management System,
dbx,DriveRack VENU360,Processor,100-240V,19,1.75,8,Loudspeaker Management System (3-In/6-Out),
Decimator_Design,12G-CROSS,Converter,5-32VDC,4.2,1.2,3.1,12G/3G/HD/SD-SDI HDMI 2.0 Cross Converter,
Decimator_Design,MD-HX,Converter,5-32VDC,3.1,1.2,4.8,HDMI/SDI Cross Converter with Scaling,
Decimator_Design,MD-LX,Converter,5-15VDC,2.4,0.9,3.7,Pocket-sized HDMI/SDI Bi-Directional Converter,
Dell,PowerEdge R640,Server,Varies,19,1.7,29.8,1U Rack Server,
Dell,PowerEdge R740,Server,Varies,19,3.4,28.2,2U Rack Server,
Denon,DN-300H,Tuner,100-240V,19,1.7,10.7,Digital AM/FM Tuner,
Denon,DN-500BD,Media Player,100-240V,19,1.7,10.7,Professional Blu-ray Player,
Denon,DN-700CB,Media Player,100-240V,19,1.7,10.7,Network Media/CD Player with Bluetooth,
DeSisti,Leonardo 1kW,Lighting,100-240V,13.4,15.7,11.8,1,000W Fresnel Spotlight
DeSisti,Leonardo 2kW,Lighting,100-240V,16.5,19.3,14.6,2,000W Fresnel Spotlight
DeSisti,Leonardo 5kW,Lighting,100-240V,22.8,26.4,20.1,5,000W Fresnel Spotlight
Digital_Projection,E-Vision 4500,Projector,100-240V,17.8,7.3,15.1,4,500 Lumens DLP Projector
Digital_Projection,HIGHlite Laser II,Projector,100-240V,21.3,9.4,22.8,13,000 Lumens Laser Projector
Digital_Projection,M-Vision Laser 18K,Projector,100-240V,20.9,9.8,22.1,18,000 Lumens Laser Projector
Digital_Projection,TITAN Laser 33000,Projector,200-240V,25.5,12.2,33.4,33,000 Lumens 3-Chip DLP
DirecTV,H24,Receiver,100-240V,11.9,1.5,9.1,HD Satellite Receiver,
DirecTV,H25,Receiver,12VDC,8.3,1.1,5.8,Compact HD Satellite Receiver,
DirecTV,HR24,DVR,100-240V,15,2.2,11,HD DVR Satellite Receiver,
DirecTV,HR54 Genie,DVR,100-240V,13.1,1.9,9.6,Genie Server HD DVR,
DLink,DGS-1210-28P,Network Switch,240W,17.3,1.7,8.3,28-Port Smart Managed PoE Switch,
DLink,DGS-1510-28XMP,Network Switch,440W,17.3,1.7,12.2,28-Port Stackable Managed PoE Switch,
DLink,DGS-3630-28TC,Network Switch,Varies,17.3,1.7,10.2,28-Port Layer 3 Stackable Switch,
DMX,DMX Splitter,Signal Dist,100-240V,19,1.7,6,8-Way Isolated DMX Splitter,
DMX,DMX Terminator,Accessory,N/A,N/A,N/A,N/A,120 Ohm DMX Signal Terminator,
Elation,Artiste DaVinci,Lighting,470W,16.4,26.8,11.2,LED Moving Head Spot,
Elation,Fuze Wash Z350,Lighting,432W,16.3,22.4,10.8,Single Source LED Wash,
Elation,Paladin,Lighting,950W,18.8,15.7,8,Strobe/Wash/Blinder Hybrid,
Elation,Proteus Maximus,Lighting,1400W,18,32.4,12,IP65 LED Moving Head,
ElectroVoice,EKX-15P,Speaker,1500W,17,27,17,15-inch Powered Loudspeaker,
ElectroVoice,ELX200-12P,Speaker,1200W,14.3,24.8,13.5,12-inch Powered Loudspeaker,
ElectroVoice,ETX-18SP,Speaker,1800W,27,22,36,18-inch Powered Subwoofer,
ElectroVoice,ZLX-12BT,Speaker,1000W,14,24,14,12-inch Powered Spk w/ Bluetooth,
Elgato,Cam Link 4K,Capture,USB,1.2,0.5,3.2,HDMI to USB 3.0 Capture,
Elgato,Key Light,Lighting,45W,13.8,1.2,9.8,App-Enabled LED Panel,
Elgato,Stream Deck XL,Controller,USB,7.2,1.3,4.4,32 Customizable LCD Keys,
Epiphan,LUMIERE,Streaming,100-240V,19,1.75,12,Professional 4K Video Encoder,
Epiphan,Pearl Nano,Streaming,PoE+/12VDC,8.1,1.7,5.9,Compact Streaming/Recording,
Epiphan,Pearl-2,Streaming,100-240V,11.8,2,9.4,All-In-One Video Production,
Epson,EB-L1755U,Projector,100-240V,23.1,8.3,19.4,15,000 Lumens Laser WUXGA
Epson,EB-PU2220B,Projector,200-240V,23.1,8.6,19.4,20,000 Lumens 3LCD Laser
Epson,PowerLite 805F,Projector,100-240V,18,8,17,Ultra Short Throw Laser,
ESE,ES-102U,Clock,100-240V,19,1.75,10,GPS Master Clock with NTP Output,
ESE,ES-188E,Clock,100-240V,19,1.75,10,NTP Referenced Master Clock,
ESE,ES-453U,Clock,100-240V,19,1.75,10,SMPTE/EBU Timecode Distributor,
ETC,ColorSource 20,Lighting Console,100-240V,18.3,2.5,12.7,Compact LED-focused Control Console,
ETC,ColorSource Relay,Accessory,100-240V,2,5,2,Wireless Power Control for LEDs,
ETC,Ion Xe 20,Lighting Console,100-240V,19,1.75,12,Eos Family Control Console,
ETC,Sensor3 Rack,Dimming,100-240V,Varies,Varies,Varies,Installation Power Control Rack,
Evertz,5700MSC-IP,Sync,100-240V,19,1.75,18,IP Master Clock and Signal Generator,
Evertz,7800FR,Infrastructure,100-240V,19,5.25,15.7,3RU MultiFrame Chassis,
Evertz,7812UDX-AES8,Converter,Card,N/A,N/A,N/A,3G/HD/SD Up/Down/Cross Converter,
Extron,DMP 128 Plus C V,DSP,100-240V,19,1.7,9.5,ProDSP Processor w/ AEC and VoIP,
Extron,DSC HD-3G A,Converter,12VDC,4.3,1,6,HDMI to 3G-SDI Scaler,
Extron,DTP CrossPoint 84,Matrix Switcher,100-240V,19,3.5,14.5,4K Scaling Presentation Matrix Switcher,
Extron,IN1608 xi,Switcher,100-240V,19,1.7,9.5,Eight Input Scaling Switcher,
Extron,XTP II CrossPoint 3200,Matrix Switcher,100-240V,19,17.5,18.5,Modular Matrix Switcher up to 32x32,
FeelWorld,FW568,Monitor,12VDC/Battery,5.6,3.6,1,5.5-inch DSLR Field Monitor,
FeelWorld,LUT7S,Monitor,12VDC/Battery,7.5,4.7,1,7-inch Ultra Bright Field Monitor,
FeelWorld,PVR1032,Monitor,12VDC,10,7,1.2,10.1-inch Dual Screen Rack Monitor,
Ferrofish,A32,Converter,100-240V,19,1.75,10.6,32x32 AD/DA MADI & ADAT Converter,
Ferrofish,A32 Dante,Converter,100-240V,19,1.75,10.6,32x32 AD/DA MADI & Dante Converter,
Ferrofish,Pulse 16,Converter,100-240V,19,1.75,7.5,16x16 AD/DA ADAT Converter,
Ferrofish,Pulse 16 Dante,Converter,100-240V,19,1.75,7.5,16x16 AD/DA Dante Converter,
Ferrofish,Verto 32,Converter,100-240V,9.5,1.75,7.5,32x32 ADAT to Dante Bridge,
Fiberplex,WDM-16,Fiber Optic,100-240V,19,1.75,10,16-Channel Wave Division Multiplexer,
Fiberplex,WDM-8,Fiber Optic,100-240V,19,1.75,10,8-Channel Wave Division Multiplexer,
FORA,FA-9600,Processor,100-240V,19,1.75,13.8,Multi-Purpose Signal Processor (4K/UHD),
FORA,HVS-1200,Switcher,100-240V,19,5.25,18,4K/UHD Video Switcher,
FORA,HVS-490,Switcher,100-240V,19,3.5,16.5,HD/4K-UHD Video Switcher,
FORA,MFR-3000,Router,100-240V,19,7,15.7,SD/HD/3G/4K Routing Switcher,
Ferrofish,A32,Converter,100-240V,19,1.75,10.6,32x32 AD/DA MADI & ADAT Converter,
Ferrofish,A32 Dante,Converter,100-240V,19,1.75,10.6,32x32 AD/DA MADI & Dante Converter,
Ferrofish,Pulse 16,Converter,100-240V,19,1.75,7.5,16x16 AD/DA ADAT Converter,
Ferrofish,Pulse 16 Dante,Converter,100-240V,19,1.75,7.5,16x16 AD/DA Dante Converter,
Ferrofish,Verto 32,Converter,100-240V,9.5,1.75,7.5,32x32 ADAT to Dante Bridge,
Fiberplex,WDM-16,Fiber Optic,100-240V,19,1.75,10,16-Channel Wave Division Multiplexer,
Fiberplex,WDM-8,Fiber Optic,100-240V,19,1.75,10,8-Channel Wave Division Multiplexer,
FORA,FA-9600,Processor,100-240V,19,1.75,13.8,Multi-Purpose Signal Processor (4K/UHD),
FORA,HVS-1200,Switcher,100-240V,19,5.25,18,4K/UHD Video Switcher,
FORA,HVS-490,Switcher,100-240V,19,3.5,16.5,HD/4K-UHD Video Switcher,
FORA,MFR-3000,Router,100-240V,19,7,15.7,SD/HD/3G/4K Routing Switcher,
Fostex,6301NB,Speaker,100-240V,4.7,7.4,4.7,Active Monitor Speaker (Analog),
Fostex,6301ND,Speaker,100-240V,4.7,7.4,4.7,Active Monitor Speaker (Digital/Analog),
Fostex,RM-3,Speaker,100-240V,19,1.75,11.1,Rackmount Stereo Monitor System,
Gefen,EXT-DP-CP-2FO,Extender,5VDC,1.5,0.6,2.8,DisplayPort Fiber Optic Pigtail Extender,
Gefen,EXT-UHD600-12,Splitter,5VDC,3.7,1,1.8,1:2 HDMI 2.0 Splitter,
Gefen,EXT-UHD600-18,Splitter,5VDC,8.4,1,1.8,1:8 HDMI 2.0 Splitter,
Gefen,GTV-HDMI-2-COMPSVIDSN,Converter,5VDC,4,1.2,4,HDMI to Composite/S-Video Scaler,
GKC,GKC-DS-1,Controller,100-240V,19,1.75,6,Theater Automation Controller,
Haivision,Makito X4 Decoder,Streaming,100-240V,7.5,1.7,9.3,4K UHD/Quad HD HEVC/H.264 Decoder,
Haivision,Makito X4 Encoder,Streaming,100-240V,7.5,1.7,9.3,4K UHD/Quad HD HEVC/H.264 Encoder,
Haivision,MB21,Frame,100-240V,19,1.75,12,21-Slot High Density Blade Chassis,
Haivision,MB6,Frame,100-240V,19,1.75,12,6-Slot High Density Blade Chassis,
HP,Aruba 2930F 24G PoE+ 4SFP+,Network Switch,445W,17.4,1.7,7.9,24-Port Managed PoE+ Switch,
HP,Aruba 2930F 48G PoE+ 4SFP+,Network Switch,740W,17.4,1.7,12,48-Port Managed PoE+ Switch,
HP,Z2 Mini G9,Workstation,Varies,8.3,2.7,8.6,Compact High-Performance Workstation,
HP,Z4 G4,Workstation,Varies,6.7,17.5,15.2,Professional Desktop Workstation,
HPE,ProLiant DL325 Gen11,Server,Varies,17.1,1.7,25.4,1U AMD EPYC Rack Server,
HPE,ProLiant DL360 Gen10,Server,Varies,17.1,1.7,27.8,1U Intel Xeon Rack Server,
HPE,ProLiant DL380 Gen10,Server,Varies,17.5,3.4,26.7,2U High Performance Rack Server,
Huddly,Huddly IQ,Camera,USB,2.8,1.3,1.5,AI-Powered Conference Camera,
Huddly,Huddly L1,Camera,PoE,4.8,2.1,3.2,Large Room 4K Collaboration Camera,
Huddly,Huddly S1,Camera,USB/PoE,4.8,2.1,3.2,Small/Medium Room 4K Camera,
ICRON,USB 2.0 Ranger 2304,Extender,24VDC,3.9,1,3,4-Port USB 2.0 CAT5e/6/7 Extender,
ICRON,USB 3-2-1 Raven 3104,Extender,24VDC,5.4,1.3,9.1,4-Port USB 3.1 100m Extender,
Ikegami,HQLM-1720WR,Monitor,100-240V,16.9,11.8,3.1,17-inch 4K UHD LCD Monitor,
Ikegami,HQLM-3120W,Monitor,100-240V,29.5,18.9,3.5,31-inch 4K UHD Master Monitor,
Ikegami,UHK-X700,Camera,Varies,N/A,N/A,N/A,4K UHD CMOS Studio Camera System,
Infoblox,Trinzic TE-1415,Network,Varies,17.4,1.7,15.7,DDI Networking Appliance,
Infoblox,Trinzic TE-815,Network,Varies,17.4,1.7,15.7,Compact DDI Networking Appliance,
Inphase,Inphase Box,Receiver,100-240V,11.9,1.5,9.1,HD Receiver,
Intellinet Network Solutions,561204,Network Switch,30W,10.5,1.7,7.1,8-Port Gigabit Ethernet PoE+ Switch,
Intellinet Network Solutions,561235,Network Switch,450W,17.3,1.7,13,24-Port Gigabit Ethernet PoE+ Switch,
Intellinet Network Solutions,561242,Network Switch,90W,13,1.7,8,16-Port Gigabit Ethernet PoE+ Switch,
IPTV,IPTV Box,Streaming,5VDC,3.7,1,3.7,HD IPTV Set-top Box,
Jabra,PanaCast,Camera,USB,2.6,0.8,4,4K Panoramic-4 Video Camera,
Jabra,PanaCast 50,Camera,100-240V,25.6,3.1,4.9,Intelligent 4K Video Bar,
Jabra,Speak 750,Speakerphone,Battery/USB,5.2,1.3,5.2,Professional Wireless Speakerphone,
JBL,705P,Speaker,100-240V,5.9,10.5,8.1,5-inch Bi-Amplified Master Reference Monitor,
JBL,708P,Speaker,100-240V,9.8,17.3,11.5,8-inch Bi-Amplified Master Reference Monitor,
JBL,Intonato 24,Processor,100-240V,19,3.5,10,Studio Monitor Management System,
JBL,LSR305P MkII,Speaker,100-240V,7.3,11.7,9.1,5-inch Powered Studio Monitor,
JBL,LSR308P MkII,Speaker,100-240V,10,16.5,11.1,8-inch Powered Studio Monitor,
JK Audio,AutoHyplus,Broadcast,100-240V,19,1.75,7,Automatic Digital Telephone Hybrid,
JK Audio,BluePack,Broadcast,Battery,1.5,4.7,3.7,Wireless Beltpack Interview Tool,
JK Audio,Innkeeper 1rx,Broadcast,100-240V,19,1.75,7,Digital Hybrid for POTS Lines,
JK Audio,RemoteMix 4,Broadcast,Battery/AC,9.5,2,8,4-Ch Field Mixer and Phone Interface,
KanexPro,EXT-HDBT70M,Extender,100-240V,4.5,0.9,3,HDBaseT HDMI Extender Kit (70m),
KanexPro,SW-HD20-4X14K,Switcher,5VDC,7,0.8,3.2,4x1 HDMI 2.0 Switcher with 4K60,
Kramer,VP-440,Switcher,12VDC,8.5,1.7,6.4,6-Input ProScale Presentation Switcher,
Kramer,VP-772,Switcher,100-240V,19,1.75,9.3,8-Input Dual Scaler Presentation Switcher,
Kramer,VS-44H2,Matrix,100-240V,19,1.75,7,4x4 4K HDR HDMI Matrix Switcher,
Kramer,VS-88UHDA,Matrix,100-240V,19,1.75,9.3,8x8 4K60 HDMI Matrix with Audio Routing,
LAWO,mc2 36,Console,100-240V,32.2,14.5,28,All-in-one Production Console,
LAWO,mc2 56,Console,Varies,48.5,15.7,35,High-performance Production Console,
LAWO,Power Core,Processor,100-240V,19,1.75,15.7,AoIP Audio I/O & DSP Node,
Leader,LV5350,Test/Measure,10-18VDC,8.4,5.2,2.7,12G-SDI Waveform Monitor,
Leader,LV5600,Test/Measure,100-240V,16.8,8.8,3,Waveform Monitor for SDI/IP,
Leader,LV7600,Test/Measure,100-240V,19,1.75,10,Rasterizing Waveform Monitor,
Legrand,C2G54401,Extender,5VDC,3.1,1,2,USB 2.0 Over Cat5 Extender,
Legrand,Wattstopper BZ-150,Controller,120-277V,1.6,2.8,1.6,Power Pack for Lighting Control,
Lenovo,ThinkSystem SR630,Server,Varies,17.1,1.7,30,1U High Performance Rack Server,
Lenovo,ThinkSystem SR650,Server,Varies,17.5,3.4,30,2U High Performance Rack Server,
LEXICON,PCM92,Processor,100-240V,19,1.75,12.5,Reverb and Effects Processor,
LEXICON,PCM96,Processor,100-240V,19,1.75,12.5,Surround Reverb and Effects Processor,
LEXICON,PCM96 Surround,Processor,100-240V,19,1.75,12.5,Digital Effects System,
LG,43UH5F-H,Display,110W,38.1,22,1.6,43-inch UHD Signage Display,
LG,55UH5F-H,Display,145W,48.4,27.8,1.6,55-inch UHD Signage Display,
LG,65UH5F-H,Display,190W,57.1,32.7,1.6,65-inch UHD Signage Display,
LG,75UH5F-H,Display,250W,66.2,37.8,1.6,75-inch UHD Signage Display,
LG,86UH5F-H,Display,350W,75.9,43.3,1.6,86-inch UHD Signage Display,
Lightspeed,975,Audio,100-240V,8.5,1.7,7.5,Classroom Audio System,
Lightspeed,Redcat Access,Audio,100-240V,12,9,2.5,All-In-One Classroom Audio,
Lightspeed,Topcat Access,Audio,100-240V,24,12,5,Ceiling-Mounted Audio System,
Linksys,LGS124P,Network Switch,120W,17.3,1.7,7.9,24-Port Business Unmanaged PoE+ Switch,
Linksys,LGS328MPC,Network Switch,410W,13,1.7,9.1,24-Port Managed Gigabit PoE+ Switch,
Linksys,LRT224,Router,100-240V,7.5,1.7,5.1,Dual WAN Gigabit VPN Router,
ListenTechnologies,LR-4200-IR,Receiver,Internal Bat,2,3.75,0.64,Intelligent DSP IR Receiver,
ListenTechnologies,LR-5200-IR,Receiver,Internal Bat,2,3.75,0.64,Advanced Intelligent DSP IR Receiver,
ListenTechnologies,LT-800-072,Transmitter,100-240V,8.5,1.75,9.1,Stationary RF Transmitter (72 MHz),
ListenTechnologies,LT-84,Transmitter,100-240V,10.7,1.5,4.1,ListenIR 2-Channel Transmitter/Radiator Combo,
LiveU,LU300S,Streaming,Battery/DC,4.4,7.4,1.8,Compact HEVC Field Unit for Live Streaming,
LiveU,LU600,Streaming,Battery/DC,5.5,9.1,2.4,High-End Portable Transmission Unit,
LiveU,LU800,Streaming,Battery/DC,6.8,11,2.8,Multi-Camera Production-Level Field Unit,
Logitech,MeetUp,Camera,100-240V,15.7,3.1,3.3,All-in-One ConferenceCam with 4K Lens,
Logitech,Rally Bar,Camera,100-240V,35.9,3.6,4,Premium All-in-One Video Bar,
Logitech,Rally Camera,Camera,100-240V,6,7.2,6,Premium PTZ Camera with Ultra-HD,
Logitech,Tap,Controller,100-240V,9.6,2.3,7,Touch Controller for Collaboration,
LUTRON,HQP7-2,Processor,100-240V,19,1.75,10,HomeWorks QSX Processor,
LUTRON,L-BDG2-WH,Bridge,5VDC,2.75,2.75,1.1,Caséta Smart Bridge,
LUTRON,LUT-19AV-1U,Accessory,N/A,19,1.75,1.5,1U Universal Rack Mount Bracket,
LYNXTechnik,CHD 1812,yellobrik,5-12VDC,4.1,0.9,3.7,HDMI to SDI Converter with Frame Sync,
LYNXTechnik,OTX 1812,yellobrik,5-12VDC,4.1,0.9,3.7,3G SDI to Fiber Transmitter,
LYNXTechnik,PDM 1284,yellobrik,5-12VDC,4.1,0.9,3.7,SDI Analog Audio Embedder/De-embedder,
LYNXTechnik,PEC 1864,yellobrik,5-12VDC,4.1,0.9,3.7,3G SDI Down Converter,
MACKIE,1604VLZ4,Analog Mixer,100-240V,17.3,17,5.1,16-Channel Compact Recording Mixer,
MACKIE,DL16S,Digital Mixer,100-240V,14.1,5.6,5.8,16-Channel Wireless Digital Live Sound Mixer,
MACKIE,DL32S,Digital Mixer,100-240V,17.6,7.3,5.8,32-Channel Wireless Digital Live Sound Mixer,
MACKIE,ProFX12v3,Analog Mixer,100-240V,14.8,4,13,12-Channel Effects Mixer with USB,
Mactech,LED Ladder,Lighting,Varies,Varies,Varies,Varies,Flexible LED Ladder Light System,
MediaPlayer,Generic Player,Streaming,5VDC,3.5,1,3.5,Standard HD Media Player,
Middle_Atlantic,PD-915R,Power,100-240V,19,1.75,9,9-Outlet Rackmount Power Strip,
Middle_Atlantic,RLA-19-45-16,Rack,N/A,19,78.75,16,45RU 2-Post Open Frame Rack,
Middle_Atlantic,UP1,Accessory,N/A,19,1.75,6,1U Universal Rack Shelf,
Middle_Atlantic,VFE-2,Fans,100-240V,19,3.5,1.7,2U Rackmount Fan Panel,
Motorola,DCX3200-M,Receiver,100-240V,11.9,1.5,9.1,P3 High Definition Set-Top Box,
Motorola,DCX3501-M,DVR,100-240V,15,2.2,11,Dual Tuner HD DVR,
Motorola,MG8702,Modem,12VDC,2.2,9.3,9,DOCSIS 3.1 Cable Modem + AC3200 WiFi Router,
NETGEAR,GS110TP,Network Switch,PoE,9.3,1.1,4,8-Port Gigabit PoE Smart Managed Pro Switch,
NETGEAR,M4300-28G-PoE+,Network Switch,550W,17.3,1.7,12.2,24-Port Managed Stackable PoE+ Switch,
NETGEAR,M4300-52G-PoE+,Network Switch,850W,17.3,1.7,15.7,48-Port Managed Stackable PoE+ Switch,
NETGEAR,M4300-96X,Network Switch,Varies,17.3,3.5,15.7,10G/40G Modular Managed Switch,
NetInsight,Nimbra 1060,Media Transport,Varies,19,1.75,21.5,High-Density Terabit Media Router,
NetInsight,Nimbra 400,Media Transport,100-240V,19,1.75,12.2,Video Access and Edge Transport,
NEWLINE,TT-6519RS,Display,100-240V,59.3,37.1,3.8,65-inch 4K UHD Interactive Touch Display,
NEWLINE,TT-7519RS,Display,100-240V,68,42,3.8,75-inch 4K UHD Interactive Touch Display,
NEWLINE,TT-8619RS,Display,100-240V,77.8,47.5,3.8,86-inch 4K UHD Interactive Touch Display,
NewTek,TriCaster 1 Mini,Switcher,100-240V,4.6,9.2,7.9,Compact 4K UHD Multi-Camera Production,
NewTek,TriCaster 2 Elite,Switcher,100-240V,19,5.2,19.5,Flagship Software-Defined Production System,
NewTek,TriCaster TC1,Switcher,100-240V,19,3.5,19,4K 16-Input IP Production System,
NewTek,VMC1,Switcher,100-240V,19,3.5,19,Video Mix Engine,
NUREVA,HDL200,Audio,100-240V,46.4,4.8,3.6,Audio Conferencing Bar for Small Spaces,
NUREVA,HDL300,Audio,100-240V,60,5.9,3.5,Audio Conferencing System for Mid-Size Rooms,
NUREVA,HDL410,Audio,100-240V,60,5.9,3.5,Audio Conferencing System for Large Rooms,
Obsidian,EN12,DMX,100-240V,19,1.75,6,12-Port EtherDMX Node,
Obsidian,EN4,DMX,PoE/100-240V,8.5,1.75,6,4-Port EtherDMX Node,
Obsidian,Netron EP4,DMX,PoE,4.6,4.6,1.4,4-Port EtherDMX Node (Compact),
Obsidian,Netron RDM 10,DMX,100-240V,19,1.75,6,10-Port RDM Splitter,
OpenGear,DFR-8321,Frame,100-240V,19,3.5,15.7,2RU 20-Slot openGear Frame,
OpenGear,OG3-FR,Frame,100-240V,19,3.5,15.7,2RU 20-Slot openGear Frame,
OpenGear,OGX-FR,Frame,100-240V,19,3.5,15.7,High-Power 20-Slot openGear Frame,
Pakedge,MS-2424,Network Switch,450W,17.3,1.7,13,24-Port Managed PoE+ Layer 3 Switch,
Pakedge,RK-1,Router,100-240V,17.3,1.7,10.2,High-Performance Gigabit Router,
Pakedge,SX-24P,Network Switch,400W,17.3,1.7,10.2,24-Port Managed PoE Switch,
PaloAlto,PA-220,Firewall,100-240V,8.1,1.6,6.3,Next-Generation Desktop Firewall,
PaloAlto,PA-3220,Firewall,100-240V,17.3,1.7,18.1,Next-Generation Rackmount Firewall,
PaloAlto,PA-440,Firewall,100-240V,8.1,1.7,9.1,Next-Generation Desktop Firewall,
PaloAlto,PA-850,Firewall,100-240V,17.1,1.7,14.5,Next-Generation Rackmount Firewall,
Manufacturer,Model,Category,Power,Width,Height,Depth,Technical Details,
Arri,SkyPanel S30-C,Generic Hardware,N/A,N/A,N/A,N/A,From Parameters.sqlite3,
Cobalt,1-BIDI-2H2S,Generic Hardware,N/A,N/A,N/A,N/A,From Parameters.sqlite3,
Cobalt,9242,Generic Hardware,N/A,N/A,N/A,N/A,From Parameters.sqlite3,
Cobalt,9910DA-AV,Generic Hardware,N/A,N/A,N/A,N/A,From Parameters.sqlite3,
Cobalt,9915DA-2x16-XPT-12G,Generic Hardware,N/A,N/A,N/A,N/A,From Parameters.sqlite3,
Cobalt,9915DA-4x16-XPT-12G,Generic Hardware,N/A,N/A,N/A,N/A,From Parameters.sqlite3,
Cobalt,9926-4HtoS,Generic Hardware,N/A,N/A,N/A,N/A,From Parameters.sqlite3,
Cobalt,9960-TG2-REF1,Generic Hardware,N/A,N/A,N/A,N/A,From Parameters.sqlite3,
Cobalt,9971-MV6-4K,Generic Hardware,N/A,N/A,N/A,N/A,From Parameters.sqlite3,
Cobalt,OG-DANTE-12GAM,Generic Hardware,N/A,N/A,N/A,N/A,From Parameters.sqlite3,
Cobalt,RM20-9960-A,Generic Hardware,N/A,N/A,N/A,N/A,From Parameters.sqlite3,
Cobalt,UltraBlue 9970-QS,Generic Hardware,N/A,N/A,N/A,N/A,From Parameters.sqlite3,
NetInsight,IF628 (ENC),Generic Hardware,N/A,N/A,N/A,N/A,From Parameters.sqlite3,
Panasonic,AW-HE145N,Camera,Varies,N/A,N/A,N/A,Full HD PTZ Camera,
Panasonic,AW-UE150K,Camera,Varies,N/A,N/A,N/A,4K 60p Professional PTZ Camera,
Panasonic,BT-LH80W,Monitor,Varies,N/A,N/A,N/A,7.9-inch High Definition LCD Monitor,
Panasonic,PT-RQ35K,Projector,Varies,N/A,N/A,N/A,30,500 Lumens 3-Chip DLP 4K Laser
Panasonic,PT-RQ50K,Projector,Varies,N/A,N/A,N/A,50,000 Lumens 3-Chip DLP 4K Laser
Panasonic,PT-RZ34K,Projector,Varies,N/A,N/A,N/A,30,500 Lumens 3-Chip DLP WUXGA Laser
Pathway Connectivity,6403,DMX,PoE/AC,N/A,N/A,N/A,Pathport Octo 8-Port DMX/RDM Gateway,
Pathway Connectivity,eDIN 1001,DMX,PoE/AC,N/A,N/A,N/A,eDIN 1-Port DMX/RDM Gateway,
Patton,SN4112,Gateway,100-240V,N/A,N/A,N/A,SmartNode 2-Port FXS VoIP Gateway,
Patton,SN4114,Gateway,100-240V,N/A,N/A,N/A,SmartNode 4-Port FXS VoIP Gateway,
PowerDist,PDU-1215,Power,Varies,19,1.75,Varies,12-Outlet Power Distribution Unit,
PowerDist,RP2000,Power,Varies,19,1.75,Varies,Remote Power Management Controller,
ZeeVee,HEVC,Generic Hardware,N/A,N/A,N/A,N/A,From Parameters.sqlite3,
ZeeVee,SDI2,Generic Hardware,N/A,N/A,N/A,N/A,From Parameters.sqlite3,
PreSonus,StudioLive 32S,Digital Mixer,100-240V,32.4,6.5,23,32-Channel Digital Mixer and USB Audio Interface,
PreSonus,StudioLive 64S,Digital Mixer,100-240V,32.4,6.5,23,64-Channel Digital Mixer with AVB Networking,
PreSonus,SW5E,Network Switch,100-240V,19,1.75,4.7,5-Port AVB Switch with PoE,
PrompterPeople,Flex Plus 15,Prompter,100-240V,15,12,12,15-inch LCD Teleprompter System,
PrompterPeople,ProLine Plus 17,Prompter,100-240V,17,14,14,17-inch High Brightness Teleprompter,
PulseEIGHT,neo:4 Professional,Matrix,100-240V,17,1.75,11.5,4x4 HDBaseT Matrix Switcher,
PulseEIGHT,neo:8 Professional,Matrix,100-240V,17,1.75,11.5,8x8 HDBaseT Matrix Switcher,
PulseEIGHT,neo:Ultra Receiver,Receiver,PoE,2.8,0.6,3.9,HDBaseT Class C Receiver with Video Wall Support,
QSC,Core 110f,DSP,100-240V,19,1.75,11.1,Unified Core DSP with Flex I/O,
QSC,Core 510i,DSP,100-240V,19,3.5,15,Configurable Core DSP,
QSC,Core 610,DSP,100-240V,19,1.75,15,Network I/O Processor,
QSC,NV-32-H,Video over IP,PoE++,8.5,1.7,11.1,Q-SYS Network Video Endpoint,
Radial,J48,DI Box,Phantom,3.3,2,5,Active 48V Direct Box,
Radial,JDI,DI Box,Passive,3.3,2,5,Passive Jensen Transformer Direct Box,
Radial,SW8-USB,Switcher,100-240V,19,1.75,6.2,8-Channel Auto-Switcher with USB,
RatPac,Cintenna 2,DMX,USB/Battery,1,3.5,1,Wireless DMX Receiver/Transmitter,
RatPac,Satellite,DMX,Internal Bat,2.5,4,1.5,Wireless DMX Data Link,
RESPONSE,Generic Response,Hardware,100-240V,19,1.75,10,Generic placeholder hardware,
RGB_Spectrum,MediaWall V,Display Processor,100-240V,19,3.5,18,4K Video Wall Processor,
RGB_Spectrum,Zio D2000,Video over IP,PoE,6.3,1.2,3.9,4K IP Video Decoder,
RGB_Spectrum,Zio E2400,Video over IP,PoE,6.3,1.2,3.9,4K IP Video Encoder,
Ribbon,SBC 1000,Gateway,100-240V,17.5,1.75,12,Session Border Controller,
Ribbon,SBC 2000,Gateway,100-240V,17.5,1.75,12,High-Capacity Session Border Controller,
RIEDEL,Artist-1024,Intercom,100-240V,19,3.5,16.5,High-Density Intercom Node,
RIEDEL,Artist-32,Intercom,100-240V,19,3.5,14.6,Compact Intercom Mainframe,
RIEDEL,Bolero Beltpack,Intercom,Battery,4.3,5.1,1.9,6-Channel Wireless Intercom Beltpack,
RIEDEL,MediorNet MicroN,Media Transport,100-240V,19,1.75,12,Distributed Media Network Node,
Roland,V-1HD,Switcher,12VDC,12.3,2.3,4,4-Channel HD Video Switcher,
Roland,V-1SDI,Switcher,12VDC,8,2.1,4.3,3G-SDI Video Switcher,
Roland,V-60HD,Switcher,100-240V,14,3.8,11.7,6-Channel HD Video Switcher with Audio Mixer,
Roland,V-8HD,Switcher,100-240V,12.5,2.8,7.6,8-Channel HD Video Switcher,
RTS,ADAM-M,Intercom,100-240V,19,5.25,17.5,Matrix Intercom Mainframe,
RTS,KP-4016,Intercom,100-240V,19,1.75,3.6,16-Position HD Color Display Keypanel,
RTS,KP-5032,Intercom,100-240V,19,1.75,3.6,32-Position HD Color Display Keypanel,
RTS,OMS,Intercom,100-240V,19,1.75,15.7,OMNEO Main Station,
Samsung,QB43R,Display,110W,38.1,21.9,1.8,43-inch 4K UHD Professional Display,
Samsung,QB55R,Display,143W,48.4,27.8,1.8,55-inch 4K UHD Professional Display,
Samsung,QB65R,Display,182W,57.2,32.8,1.8,65-inch 4K UHD Professional Display,
Samsung,QB75R,Display,231W,66.2,37.8,1.9,75-inch 4K UHD Professional Display,
Savant,HST-SAVANT7,Controller,100-240V,17.3,1.7,10.2,Savant Pro Host,
Savant,PAV-SIPA125SM,Audio,100-240V,17.3,1.7,14,IP Audio Amplifier with Savant Music,
Savant,PAV-VIM8S,Video over IP,100-240V,19,1.75,12,IP Video Input Module,
Shure,AD4D,Wireless Receiver,100-240V,19,1.75,13.1,Axient Digital Two-Channel Receiver,
Shure,AD4Q,Wireless Receiver,100-240V,19,1.75,13.1,Axient Digital Four-Channel Receiver,
Shure,MXA910,Microphone,PoE,23.4,23.4,2.1,Ceiling Array Microphone,
Shure,MXA920,Microphone,PoE,23.4,23.4,2.2,Ceiling Array Microphone (Square/Round),
Shure,ULXD4D,Wireless Receiver,100-240V,19,1.75,10.2,Dual-Channel Digital Wireless Receiver,
SilverPeak,Unity EdgeConnect Extra Small,Network,100-240V,7.5,1.7,7.5,SD-WAN Gateway - XS,
SilverPeak,Unity EdgeConnect Medium,Network,100-240V,17.3,1.7,19,SD-WAN Gateway - Medium,
Sonifex,AVN-CU2,Broadcast,PoE/12VDC,11.5,2.4,8.5,Dante Commentary Unit for 2 Commentators,
Sonifex,AVN-CU4,Broadcast,PoE/12VDC,15.1,2.4,8.5,Dante Commentary Unit for 4 Commentators,
Sonifex,RB-DDA6A,Audio,100-240V,19,1.75,4.3,6-Way AES/EBU Digital Distribution Amp,
SONY,BRC-X1000,Camera,12VDC,7.8,10.2,7.8,4K Premium PTZ Camera,
SONY,BRC-X400,Camera,PoE+/12VDC,6.3,7,7.9,4K PTZ Camera with NDI capability,
SONY,FW-55BZ40H,Display,145W,48.4,27.8,2.8,55-inch BRAVIA 4K Professional Display,
SONY,FW-75BZ40H,Display,250W,66,37.8,2.8,75-inch BRAVIA 4K Professional Display,
SONY,PWS-4500,Server,100-240V,19,5.25,23,4K/HD Live Production Server,
Soundcraft,Si Expression 1,Digital Mixer,100-240V,19,6.7,20.5,16-Channel Digital Console,
Soundcraft,Si Expression 3,Digital Mixer,100-240V,36.5,6.7,20.5,32-Channel Digital Console,
Soundcraft,Si Impact,Digital Mixer,100-240V,29.5,6.3,19.7,40-Input Digital Mixing Console,
Soundcraft,Vi3000,Digital Mixer,100-240V,56.9,13.8,31.6,Large Format Digital Production Console,
Spare,Spare Hardware,Hardware,N/A,19,1.75,10,Generic placeholder for spare components,
Spectrum,Spectrum Box,Receiver,100-240V,11.9,1.5,9.1,HD Receiver / Set-Top Box,
SSL,System T S300-32,Console,100-240V,35.3,10.5,30.3,32-Fader Broadcast Production Console,
SSL,System T S500-48,Console,100-240V,70.5,10.5,37.5,48-Fader Large Format Broadcast Console,
Studio Technologies,Model 204,Intercom,PoE,3.2,1.6,4.8,Announcer's Console with Dante,
Studio Technologies,Model 205,Intercom,PoE,4.3,1.6,4.8,Announcer's Console with Dante (3-Talkback),
Studio Technologies,Model 5422A,Processor,100-240V,19,1.75,8.5,Dante Intercom Audio Engine,
Studio Technologies,Model 545DC,Interface,PoE,19,1.75,4,Intercom Interface with Dante,
SurgeX,SX-1115-RT,Power,100-240V,19,1.75,12.3,Rackmount Surge Eliminator and Power Conditioner,
SurgeX,SX-1120-RT,Power,100-240V,19,1.75,12.3,20A Rackmount Surge Eliminator,
SurgeX,UPS-1000-OL,UPS,1000VA,17.3,3.5,17,Online Double Conversion UPS,
SurgeX,UPS-2000-OL,UPS,2000VA,17.3,3.5,21,Online Double Conversion UPS,
Symetrix,Edge,DSP,100-240V,19,1.72,9.5,Open-Architecture Dante DSP,
Symetrix,Prism 12x12,DSP,PoE+,19,1.72,9.5,Fixed I/O DSP with Dante,
Symetrix,Prism 4x4,DSP,PoE+,19,1.72,9.5,Fixed I/O DSP with Dante,
Symetrix,Radius NX 12x8,DSP,100-240V,19,1.72,9.5,Open-Architecture DSP with Dante,
Symetrix,Radius NX 4x4,DSP,100-240V,19,1.72,9.5,Open-Architecture DSP with Dante,
Tascam,BD-MP1,Media Player,100-240V,19,1.73,10.7,Professional Blu-ray/Media Player,
Tascam,BD-MP4K,Media Player,100-240V,19,1.73,10.7,4K UHD Blu-ray/Media Player,
Tascam,ML-16D,Converter,100-240V,19,1.75,11.9,16-Channel Dante/Analog Converter,
Tascam,ML-32D,Converter,100-240V,19,1.75,11.9,32-Channel Dante/Analog Converter,
Tascam,SS-R250N,Recorder,100-240V,19,1.75,11.9,Network Solid State Recorder,
Telestream,Lightspeed G8,Server,100-240V,19,1.75,28,High-Performance Video Processing Server,
Telestream,PRISM MPX2-25,Test/Measure,100-240V,8.5,1.75,10,SDI/IP Waveform Monitor,
Telestream,Vantage,Software,N/A,N/A,N/A,N/A,Media Processing Platform,
TEST,Test Hardware,Generic,100-240V,19,1.75,10,Generic test environment placeholder hardware,
TripLite,SMART1500LCD,UPS,1500VA,17.3,3.5,10.5,SmartPro Digital LCD UPS System,
TripLite,SU1500RTXLCD2U,UPS,1500VA,17.5,3.5,19,SmartOnline Double-Conversion UPS,
TripLite,SU2200RTXLCD2U,UPS,2200VA,17.5,3.5,19,SmartOnline Double-Conversion UPS,
TripLite,SU3000RTXLCD2U,UPS,3000VA,17.5,3.5,19,SmartOnline Double-Conversion UPS,
TVU,TVU One,Streaming,Internal Bat/DC,7.5,1.9,4.7,Mobile HEVC Field Transmitter,
TVU,TVU Transceiver,Streaming,100-240V,19,1.75,15.5,Rackmount Server for TVU Ecosystem,
Ubiquiti,Dream Machine Pro,Network,100-240V,17.4,1.7,11.2,Enterprise Gateway & Network Appliance,
Ubiquiti,Switch Pro 24 PoE,Network Switch,450W,17.4,1.7,11.2,24-Port Managed PoE+ Switch,
Ubiquiti,Switch Pro 48 PoE,Network Switch,660W,17.4,1.7,15.7,48-Port Managed PoE+ Switch,
Ubiquiti,UniFi Switch 8-150W,Network Switch,150W,8,1.7,9.3,8-Port Gigabit PoE Switch,
UNISON_PARADIGM,P-ACP,Controller,100-240V,19,3.5,10,Paradigm Architectural Control Processor,
UNISON_PARADIGM,P-LCD,Touch Screen,PoE,5,3,1,Paradigm 7-inch Touchscreen Station,
UNISON_PARADIGM,P-REP,DMX,100-240V,19,1.75,6,Paradigm DMX Repeater,
Vantiva,CWA2000,Gateway,12VDC,N/A,N/A,N/A,Broadband Gateway / Cable Modem,
Vantiva,DSI-Generic,Receiver,100-240V,11.9,1.5,9.1,Generic Set-Top Box Hardware,
Verint,EdgeVR 300,NVR,100-240V,16.7,1.7,12,Enterprise Network Video Recorder,
Verint,EdgeVR 80,NVR,12VDC,8.5,1.7,10,Compact Network Video Recorder,
ViewSonic,IFP6550,Display,100-240V,58.6,35.3,3.5,65-inch 4K Interactive Flat Panel,
ViewSonic,IFP7550,Display,100-240V,67.3,40.2,3.9,75-inch 4K Interactive Flat Panel,
ViewSonic,IFP8650,Display,100-240V,77.1,45.7,3.9,86-inch 4K Interactive Flat Panel,
Visionary,DuetE-WP-H,Video over IP,PoE,Wall Plate,Wall Plate,Wall Plate,4K Encoder Wall Plate with HDMI,
Visionary,E4100,Video over IP,PoE,7.5,1,4.8,4K UHD Video over IP Encoder,
Visionary,PacketAV D4100,Video over IP,PoE,7.5,1,4.8,4K UHD Video over IP Decoder,
Vitec,EZ TV,Streaming,N/A,N/A,N/A,N/A,IPTV & Digital Signage Platform,
Vitec,MGW Ace Decoder,Streaming,100-240V,19,1.75,10,Professional HEVC/H.264 Decoder,
Vitec,MGW Ace Encoder,Streaming,100-240V,19,1.75,10,Portable HEVC/H.264 Encoder,
Whirlwind,Presspower 2,Audio,100-240V,19,3.5,9.5,Active Press Box / Audio Distro,
Whirlwind,THS-1,Audio,Phantom,3.5,2,5,Talkback Headset Box,
Whirlwind,THS-3,Audio,Phantom,4.5,2,5,Talkback Headset Box with Mic Switch,
Wisycom,MAT244,Wireless,100-240V,19,1.75,12,Programmable RF Combiner/Matrix,
Wisycom,MCR54,Wireless,6-18VDC,2.7,4,0.7,Four-Channel Camera Receiver,
Wisycom,MRK980,Wireless,100-240V,19,1.75,12,Dual-Channel Ultra-Wideband Receiver,
YEALINK,MeetingBoard 65,Collaboration,100-240V,59.5,36.5,3.7,65-inch 4K All-in-One Collaboration Display,
YEALINK,MeetingBoard 86,Collaboration,100-240V,77.2,46.3,3.7,86-inch 4K All-in-One Collaboration Display,
YEALINK,MVC860,Conference,100-240V,Varies,Varies,Varies,Microsoft Teams Rooms System for Large Rooms,
YEALINK,UVC86,Camera,48VDC,8.3,6.3,7.1,4K Dual-Eye Intelligent PTZ Camera,
YEALINK,ZVC840,Conference,100-240V,Varies,Varies,Varies,Zoom Rooms System for Large Rooms,
Yamaha,CL1,Digital Mixer,170W,25.5,11.8,26.3,48-Channel Digital Mixing Console,
Yamaha,CL3,Digital Mixer,170W,33,11.8,26.3,64-Channel Digital Mixing Console,
Yamaha,CL5,Digital Mixer,170W,41.5,11.8,26.3,72-Channel Digital Mixing Console,
Yamaha,QL1,Digital Mixer,135W,18.4,10.7,22.2,32-Channel Compact Digital Console,
Yamaha,QL5,Digital Mixer,135W,32.6,10.7,22.2,64-Channel Digital Mixing Console,
Yamaha,Rio1608-D2,Stagebox,100-240V,19,5.2,14.3,16-Input / 8-Output Dante Network I/O,
Yamaha,Rio3224-D2,Stagebox,100-240V,19,8.7,14.3,32-Input / 24-Output Dante Network I/O,
Yamaha,TF-RACK,Digital Mixer,100W,19,5.2,16.1,16-Channel Rackmount Digital Mixer,
Wohler,AMP1-16-M,Audio Monitor,100-240V,19,1.75,10,16-Channel SDI Audio Monitor,
Wohler,AMP2-16V-M,Audio Monitor,100-240V,19,3.5,12,16-Channel Audio/Video Monitor,
Wohler,iAM-AUDIO-2,Audio Monitor,100-240V,19,1.75,10,Multi-Source IP/SDI Audio Monitor,
WyreStorm,EX-70-H2X,Extender,12VDC,5.5,0.7,3.5,4K HDR HDBaseT Extender with 2-Way PoH,
WyreStorm,MX-0808-HDBT-H2,Matrix,100-240V,17.3,1.7,11.8,8x8 HDBaseT 4K Matrix Switcher,
WyreStorm,NHD-400-RX,Video over IP,PoE,8.5,1,4.7,NetworkHD 400 Series 4K Decoder,
WyreStorm,NHD-400-TX,Video over IP,PoE,8.5,1,4.7,NetworkHD 400 Series 4K Encoder,
YoloLiv,YoloBox,Streaming,USB-C/Bat,7.3,0.8,4.2,Portable Multi-Cam Encoder & Switcher,
YoloLiv,YoloBox Pro,Streaming,USB-C/Bat,8.6,1.1,5.1,Industry-Leading All-In-One Field Unit,
ZeeVee,HDb3000,Encoder/Modulator,100-240V,19,1.75,10,Multi-Channel HD Video Encoder/Modulator,
ZeeVee,HEVC,Encoder Card,Varies,N/A,N/A,N/A,ZCARD HEVC HDMI Input Card,
ZeeVee,SDI2,Encoder Card,Varies,N/A,N/A,N/A,ZCARD SDI Input Card,
ZYXEL,GS1920-24HPv2,Network Switch,100-240V,17.4,1.7,10.6,24-Port GbE Smart Managed PoE Switch,
ZYXEL,GS1920-24v2,Network Switch,100-240V,17.4,1.7,7.9,24-Port GbE Smart Managed Switch,
ZYXEL,GS1920-48HPv2,Network Switch,100-240V,17.4,1.7,13,48-Port GbE Smart Managed PoE Switch,
ZYXEL,GS1920-48v2,Network Switch,100-240V,17.4,1.7,10.6,48-Port GbE Smart Managed Switch,
ZYXEL,GS1920-8HPv2,Network Switch,100-240V,10.5,1.7,7.3,8-Port GbE Smart Managed PoE Switch,
ZYXEL,XGS2210-28,Network Switch,100-240V,17.4,1.7,10.6,24-Port GbE Layer 3 Switch with 10G Uplink,
ZYXEL,XGS2210-28HP,Network Switch,100-240V,17.4,1.7,13,24-Port GbE Layer 3 PoE Switch with 10G Uplink,
ZYXEL,XGS2210-52,Network Switch,100-240V,17.4,1.7,10.6,48-Port GbE Layer 3 Switch with 10G Uplink,
ZYXEL,XGS2210-52HP,Network Switch,100-240V,17.4,1.7,17.1,48-Port GbE Layer 3 PoE Switch with 10G Uplink,
ZYXEL,XMG1930-30,Network Switch,100-240V,17.4,1.7,11,24-Port 2.5G Smart Managed Switch with 10G Uplink,
ZYXEL,XMG1930-30HP,Network Switch,100-240V,17.4,1.7,13,24-Port 2.5G Smart Managed PoE++/PoE+ Switch,